sha,date,base_sha,status,aa,self_aa,extended,mutation,js_gzip,label,lcp_base,lcp_head,lcp_delta,lcp_rel,lcp_p,lcp_q,lcp_label,inp_base,inp_head,inp_delta,inp_rel,inp_p,inp_q,inp_label,tbt_base,tbt_head,tbt_delta,tbt_rel,tbt_p,tbt_q,tbt_label,tbtFlow_base,tbtFlow_head,tbtFlow_delta,tbtFlow_rel,tbtFlow_p,tbtFlow_q,tbtFlow_label,cls_base,cls_head,cls_delta,cls_rel,cls_p,cls_q,cls_label,lcpObs_base,lcpObs_head,lcpObs_delta,lcpObs_rel,lcpObs_p,lcpObs_q,lcpObs_label
07595b54a6a85e1b77ae8c012d8972792c165429,2024-09-05T19:21:15+05:30,4d4dde003bb939dea2eebcb755889d5b8fd34638,ok,0,0,0,blocking_script-100,3237104,none,2185.115,2201.854,16.739,0.0077,0.54762,0.94024,none,139.67,128.095,-11.575,-0.0829,0.54762,0.77072,none,382.244,412.265,30.02,0.0785,0.15079,0.55453,none,334.306,324.028,-10.278,-0.0307,0.84127,1,none,0,0,0,0,1,1,none,610,708,98,0.1607,0.22222,0.47799,none
07595b54a6a85e1b77ae8c012d8972792c165429,2024-09-05T19:21:15+05:30,4d4dde003bb939dea2eebcb755889d5b8fd34638,ok,0,0,1,blocking_script-200,3237090,regression,2177.709,2591.524,413.815,0.19,0,0,regression,125.334,125.729,0.395,0.0032,0.34531,0.70295,none,415.377,413.595,-1.783,-0.0043,0.90246,1,none,315.338,300.193,-15.145,-0.048,0.68267,0.98393,none,0,0,0,0,0.35065,1,none,708,818,110,0.1554,0,0.00004,regression
07595b54a6a85e1b77ae8c012d8972792c165429,2024-09-05T19:21:15+05:30,4d4dde003bb939dea2eebcb755889d5b8fd34638,ok,0,0,0,blocking_script-25,3237094,none,2409.821,2228.84,-180.981,-0.0751,0.30952,0.84014,none,138.58,129.249,-9.331,-0.0673,0.84127,0.95905,none,300.438,452.424,151.986,0.5059,1,1,none,369.149,395.831,26.682,0.0723,0.84127,1,none,0,0,0,0,1,1,none,803,675,-128,-0.1594,0.40197,0.716,none
07595b54a6a85e1b77ae8c012d8972792c165429,2024-09-05T19:21:15+05:30,4d4dde003bb939dea2eebcb755889d5b8fd34638,ok,0,0,1,blocking_script-50,3237099,regression,2194.015,2391.425,197.41,0.09,0.00039,0.00408,regression,126.275,140.635,14.36,0.1137,0.20168,0.54742,none,435.458,297.5,-137.958,-0.3168,0.04533,0.23017,none,370.835,379.663,8.828,0.0238,0.43629,0.92106,none,0,0,0,0,1,1,none,661,702,41,0.062,0.03263,0.124,none
07595b54a6a85e1b77ae8c012d8972792c165429,2024-09-05T19:21:15+05:30,4d4dde003bb939dea2eebcb755889d5b8fd34638,ok,0,0,0,bundle_bloat-200,3249261,none,2153.976,2159.567,5.591,0.0026,0.22222,0.7037,none,125.222,125.84,0.618,0.0049,0.42063,0.71571,none,382.535,378.613,-3.922,-0.0103,0.69048,1,none,314.237,283.273,-30.964,-0.0985,0.54762,0.98393,none,0,0,0,0,0.42371,1,none,682,597,-85,-0.1246,0.84127,0.94024,none
07595b54a6a85e1b77ae8c012d8972792c165429,2024-09-05T19:21:15+05:30,4d4dde003bb939dea2eebcb755889d5b8fd34638,ok,0,0,0,bundle_bloat-50,3248094,none,2159.303,2160.272,0.969,0.0004,0.54762,0.94024,none,125.843,124.41,-1.433,-0.0114,0.30952,0.67857,none,370.599,384.537,13.938,0.0376,0.54762,0.90476,none,274.463,290.224,15.761,0.0574,0.69048,0.98393,none,0,0,0,0,1,1,none,590,681,91,0.1542,0.2073,0.47799,none
07595b54a6a85e1b77ae8c012d8972792c165429,2024-09-05T19:21:15+05:30,4d4dde003bb939dea2eebcb755889d5b8fd34638,ok,0,0,0,bundle_bloat-800,3253491,none,2161.519,2214.314,52.795,0.0244,0.05556,0.30159,none,124.96,124.197,-0.763,-0.0061,1,1,none,387.004,372.389,-14.615,-0.0378,0.05556,0.24359,none,235.609,312.775,77.166,0.3275,0.54762,0.98393,none,0,0,0,0,1,1,none,601,612,11,0.0183,0.52962,0.80502,none
07595b54a6a85e1b77ae8c012d8972792c165429,2024-09-05T19:21:15+05:30,4d4dde003bb939dea2eebcb755889d5b8fd34638,ok,0,0,1,layout_shift-10,3237153,none,2161.708,2163.474,1.767,0.0008,0.83813,0.94024,none,125.075,125.636,0.561,0.0045,0.56677,0.78795,none,363.17,375.072,11.902,0.0328,0.7437,1,none,212.118,306.168,94.05,0.4434,0.0235,0.10714,none,0,0.007,0.007,39.7472,0,0,none,681,593,-88,-0.1292,0.13499,0.42203,none
07595b54a6a85e1b77ae8c012d8972792c165429,2024-09-05T19:21:15+05:30,4d4dde003bb939dea2eebcb755889d5b8fd34638,ok,0,0,1,layout_shift-120,3237159,regression,2153.925,2159.529,5.605,0.0026,0.59488,0.94024,none,125.311,125.794,0.483,0.0039,0.30459,0.67857,none,378.559,363.668,-14.892,-0.0393,0.24956,0.69389,none,287.243,305.884,18.641,0.0649,0.59488,0.98393,none,0,0.089,0.089,487.9661,0,0,regression,589,594,5,0.0085,0.27105,0.53276,none
07595b54a6a85e1b77ae8c012d8972792c165429,2024-09-05T19:21:15+05:30,4d4dde003bb939dea2eebcb755889d5b8fd34638,ok,0,0,1,layout_shift-300,3237174,regression,2157.044,2173.708,16.663,0.0077,0.00494,0.04693,none,125.582,147.607,22.025,0.1754,0,0,regression,384.316,377.541,-6.775,-0.0176,0.36688,0.83243,none,311.596,253.177,-58.419,-0.1875,0.2671,0.74266,none,0,0.222,0.222,1221.4153,0,0,regression,590,622,32,0.0542,0.21322,0.47799,none
07595b54a6a85e1b77ae8c012d8972792c165429,2024-09-05T19:21:15+05:30,4d4dde003bb939dea2eebcb755889d5b8fd34638,ok,0,0,1,layout_shift-40,3237176,regression,2154.156,2325.639,171.483,0.0796,0.0128,0.08106,none,125.568,125.862,0.294,0.0023,0.36144,0.71571,none,377.083,254.36,-122.722,-0.3255,0.51249,0.90476,none,309.604,310.105,0.501,0.0016,0.68267,0.98393,none,0,0.03,0.029,161.9887,0,0,regression,588,592,4,0.0068,0.25349,0.50698,none
07595b54a6a85e1b77ae8c012d8972792c165429,2024-09-05T19:21:15+05:30,4d4dde003bb939dea2eebcb755889d5b8fd34638,ok,0,0,0,long_task-100,3237145,none,2183.634,2347.627,163.993,0.0751,0.54762,0.94024,none,126.642,125.339,-1.303,-0.0103,1,1,none,413.555,273.03,-140.525,-0.3398,0.69048,1,none,244.087,324.148,80.061,0.328,0.15079,0.5056,none,0,0,0,0,1,1,none,617,653,36,0.0583,0.69048,0.89779,none
07595b54a6a85e1b77ae8c012d8972792c165429,2024-09-05T19:21:15+05:30,4d4dde003bb939dea2eebcb755889d5b8fd34638,ok,0,0,1,long_task-200,3237155,regression,2193.881,2354.301,160.42,0.0731,0.00014,0.0016,regression,125.425,125.901,0.476,0.0038,0.14848,0.42976,none,433.216,438.579,5.363,0.0124,0.20168,0.6569,none,292.319,343.004,50.685,0.1734,0.17361,0.56547,none,0,0,0,0,1,1,none,630,750,120,0.1905,0,0.00004,regression
07595b54a6a85e1b77ae8c012d8972792c165429,2024-09-05T19:21:15+05:30,4d4dde003bb939dea2eebcb755889d5b8fd34638,ok,0,0,1,long_task-400,3237151,regression,2174.343,2346.262,171.919,0.0791,0.0128,0.08106,none,125.656,125.692,0.036,0.0003,0.96742,1,none,409.459,878.017,468.558,1.1443,0,0,regression,337.145,303.824,-33.321,-0.0988,0.96742,1,none,0,0,0,0,1,1,none,691,990,299,0.4327,0,0.00004,regression
07595b54a6a85e1b77ae8c012d8972792c165429,2024-09-05T19:21:15+05:30,4d4dde003bb939dea2eebcb755889d5b8fd34638,ok,0,0,0,long_task-50,3237150,none,2172.809,2184.6,11.791,0.0054,0.30952,0.84014,none,131.063,130.836,-0.227,-0.0017,0.42063,0.71571,none,400.526,426.598,26.073,0.0651,0.54762,0.90476,none,279.006,344.377,65.371,0.2343,0.42063,0.92106,none,0,0,0,0,1,1,none,710,614,-96,-0.1352,0.22222,0.47799,none
07595b54a6a85e1b77ae8c012d8972792c165429,2024-09-05T19:21:15+05:30,4d4dde003bb939dea2eebcb755889d5b8fd34638,ok,0,0,1,slow_input-10,3237191,regression,2190.516,2169.839,-20.677,-0.0094,0.24956,0.74867,none,125.436,131.189,5.753,0.0459,0.00067,0.00382,none,423.213,402.866,-20.347,-0.0481,0.48636,0.90476,none,294.559,418.461,123.902,0.4206,0.00009,0.00051,regression,0,0,0,0,1,1,none,616,613,-3,-0.0049,0.57513,0.83042,none
07595b54a6a85e1b77ae8c012d8972792c165429,2024-09-05T19:21:15+05:30,4d4dde003bb939dea2eebcb755889d5b8fd34638,ok,0,0,1,slow_input-100,3237177,regression,2163.029,2159.828,-3.201,-0.0015,0.71297,0.94024,none,125.525,209.16,83.635,0.6663,0,0,regression,319.725,374.589,54.864,0.1716,0.34531,0.83243,none,305.273,6533.194,6227.921,20.4012,0,0,regression,0,0,0,0,1,1,none,594,589,-5,-0.0084,0.46752,0.7614,none
07595b54a6a85e1b77ae8c012d8972792c165429,2024-09-05T19:21:15+05:30,4d4dde003bb939dea2eebcb755889d5b8fd34638,ok,0,0,1,slow_input-25,3237195,regression,2182.572,2167.893,-14.679,-0.0067,0.13697,0.59278,none,125.337,150.947,25.61,0.2043,0,0,regression,395.378,408.359,12.981,0.0328,0.65287,1,none,303.427,1307.421,1003.994,3.3088,0,0,regression,0,0,0,0,1,1,none,612,687,75,0.1225,0.67817,0.89779,none
07595b54a6a85e1b77ae8c012d8972792c165429,2024-09-05T19:21:15+05:30,4d4dde003bb939dea2eebcb755889d5b8fd34638,ok,0,0,1,slow_input-50,3237179,regression,2168.657,2167.041,-1.616,-0.0007,0.93489,1,none,125.63,174.805,49.175,0.3914,0,0,regression,381.786,384.284,2.497,0.0065,0.87019,1,none,311.487,3057.065,2745.578,8.8144,0,0,regression,0,0,0,0,1,1,none,603,602,-1,-0.0017,0.67823,0.89779,none
afd5aaaada9119eed001cad490d540c9f5fb270b,2025-03-17T12:09:32-07:00,4a8dbfadba2b999074b477bf9e43ceb97dba220a,ok,0,0,1,blocking_script-100,3310068,regression,2294.284,2486.256,191.972,0.0837,0.00009,0.00128,regression,93.233,93.391,0.158,0.0017,0.71297,0.89317,none,429.639,265.759,-163.881,-0.3814,0.03294,0.18778,none,152.487,149.304,-3.183,-0.0209,0.7437,1,none,0,0,0,0,1,1,none,609,700,91,0.1494,0.00112,0.00914,regression
afd5aaaada9119eed001cad490d540c9f5fb270b,2025-03-17T12:09:32-07:00,4a8dbfadba2b999074b477bf9e43ceb97dba220a,ok,0,0,1,blocking_script-200,3310066,regression,2288.852,2759.974,471.121,0.2058,0,0,regression,93.082,93.378,0.296,0.0032,0.59488,0.81707,none,426.77,301.5,-125.27,-0.2935,1,1,none,148.473,151.293,2.82,0.019,0.90246,1,none,0,0,0,0,1,1,none,600,801,201,0.335,0,0.00004,regression
afd5aaaada9119eed001cad490d540c9f5fb270b,2025-03-17T12:09:32-07:00,4a8dbfadba2b999074b477bf9e43ceb97dba220a,ok,0,0,0,blocking_script-25,3310082,none,2297.875,2284.888,-12.987,-0.0057,0.69048,0.94024,none,124.916,125.453,0.537,0.0043,0.42063,0.71571,none,436.009,431.578,-4.43,-0.0102,1,1,none,190.732,269.699,78.967,0.414,0.84127,1,none,0,0,0,0,1,1,none,605,701,96,0.1587,0.05556,0.2043,none
afd5aaaada9119eed001cad490d540c9f5fb270b,2025-03-17T12:09:32-07:00,4a8dbfadba2b999074b477bf9e43ceb97dba220a,ok,0,0,1,blocking_script-50,3310082,regression,2289.777,2473.492,183.716,0.0802,0.00014,0.0016,regression,125.216,121.22,-3.996,-0.0319,0.87019,0.9822,none,429.48,276.5,-152.98,-0.3562,0.03294,0.18778,none,196.384,186.261,-10.123,-0.0515,0.59488,0.98393,none,0,0,0,0,1,1,none,607,645,38,0.0626,0.03098,0.12178,none
afd5aaaada9119eed001cad490d540c9f5fb270b,2025-03-17T12:09:32-07:00,4a8dbfadba2b999074b477bf9e43ceb97dba220a,ok,0,0,0,bundle_bloat-200,3322659,none,2294.616,2296.551,1.935,0.0008,1,1,none,93.38,93.036,-0.344,-0.0037,0.22222,0.56296,none,436.669,429,-7.669,-0.0176,1,1,none,153.149,89.679,-63.47,-0.4144,0.69048,0.98393,none,0,0,0,0,1,1,none,613,605,-8,-0.0131,0.34574,0.63399,none
afd5aaaada9119eed001cad490d540c9f5fb270b,2025-03-17T12:09:32-07:00,4a8dbfadba2b999074b477bf9e43ceb97dba220a,ok,0,0,0,bundle_bloat-50,3321503,none,2288.642,2293.25,4.608,0.002,0.84127,0.94024,none,93.046,90.202,-2.844,-0.0306,0.54762,0.77072,none,436.459,423.764,-12.696,-0.0291,0.84127,1,none,82.982,147.416,64.434,0.7765,0.54762,0.98393,none,0,0,0,0,1,1,none,698,695,-3,-0.0043,0.2948,0.56893,none
afd5aaaada9119eed001cad490d540c9f5fb270b,2025-03-17T12:09:32-07:00,4a8dbfadba2b999074b477bf9e43ceb97dba220a,ok,0,0,0,bundle_bloat-800,3326911,none,2460.567,2479.999,19.432,0.0079,0.30952,0.84014,none,93.266,104.458,11.192,0.12,0.15079,0.42976,none,292.5,290,-2.5,-0.0085,0.84127,1,none,157.033,153.349,-3.684,-0.0235,1,1,none,0,0,0,0,1,1,none,698,608,-90,-0.1289,0.52962,0.80502,none
afd5aaaada9119eed001cad490d540c9f5fb270b,2025-03-17T12:09:32-07:00,4a8dbfadba2b999074b477bf9e43ceb97dba220a,ok,0,0,1,layout_shift-10,3310162,none,2466.265,2456.836,-9.429,-0.0038,0.62359,0.94024,none,93.845,93.344,-0.501,-0.0053,0.4306,0.72188,none,282,285.273,3.273,0.0116,0.93489,1,none,149.355,150.623,1.268,0.0085,0.80633,1,none,0,0.007,0.007,54.7646,0,0,none,606,603,-3,-0.005,0.19082,0.47799,none
afd5aaaada9119eed001cad490d540c9f5fb270b,2025-03-17T12:09:32-07:00,4a8dbfadba2b999074b477bf9e43ceb97dba220a,ok,0,0,1,layout_shift-120,3310145,regression,2462.17,2464.462,2.292,0.0009,0.83813,0.94024,none,93.085,93.43,0.345,0.0037,0.08919,0.3706,none,283.5,278.297,-5.203,-0.0184,0.34531,0.83243,none,155.133,153.061,-2.072,-0.0134,0.80633,1,none,0,0.089,0.089,668.1748,0,0,regression,689,681,-8,-0.0116,0.67817,0.89779,none
afd5aaaada9119eed001cad490d540c9f5fb270b,2025-03-17T12:09:32-07:00,4a8dbfadba2b999074b477bf9e43ceb97dba220a,ok,0,0,1,layout_shift-300,3310161,regression,2289.926,2445.679,155.753,0.068,0.68267,0.94024,none,93.208,111.924,18.716,0.2008,0,0.00001,none,430.316,284.938,-145.378,-0.3378,0.51249,0.90476,none,150.109,146.417,-3.692,-0.0246,0.51249,0.98393,none,0,0.222,0.222,1671.9369,0,0,regression,599,604,5,0.0083,0.69303,0.89779,none
afd5aaaada9119eed001cad490d540c9f5fb270b,2025-03-17T12:09:32-07:00,4a8dbfadba2b999074b477bf9e43ceb97dba220a,ok,0,0,1,layout_shift-40,3310156,regression,2454.868,2293.467,-161.4,-0.0657,0.43629,0.94024,none,93.249,93.418,0.169,0.0018,0.51249,0.77072,none,281,426.421,145.421,0.5175,0.20168,0.6569,none,149.061,152.962,3.901,0.0262,0.30459,0.8206,none,0,0.03,0.029,222.0583,0,0,regression,617,606,-11,-0.0178,0.44262,0.75312,none
afd5aaaada9119eed001cad490d540c9f5fb270b,2025-03-17T12:09:32-07:00,4a8dbfadba2b999074b477bf9e43ceb97dba220a,ok,0,0,0,long_task-100,3310136,none,2462.287,2465.805,3.518,0.0014,1,1,none,92.058,92.09,0.032,0.0003,1,1,none,269.176,273.357,4.181,0.0155,1,1,none,146.266,153.673,7.407,0.0506,0.69048,0.98393,none,0,0,0,0,1,1,none,603,632,29,0.0481,0.15079,0.44078,none
afd5aaaada9119eed001cad490d540c9f5fb270b,2025-03-17T12:09:32-07:00,4a8dbfadba2b999074b477bf9e43ceb97dba220a,ok,0,0,1,long_task-200,3310116,regression,2469.39,2465.717,-3.673,-0.0015,0.62359,0.94024,none,93.044,93.375,0.331,0.0036,0.10645,0.39145,none,285,454.519,169.519,0.5948,0.00011,0.00257,regression,152.22,150.436,-1.784,-0.0117,0.43629,0.92106,none,0,0,0,0,1,1,none,690,741,51,0.0739,0,0.00004,regression
afd5aaaada9119eed001cad490d540c9f5fb270b,2025-03-17T12:09:32-07:00,4a8dbfadba2b999074b477bf9e43ceb97dba220a,ok,0,0,1,long_task-400,3310145,regression,2293.764,2460.514,166.75,0.0727,0.0675,0.34975,none,93.273,93.14,-0.133,-0.0014,0.2671,0.64785,none,442.889,876.15,433.261,0.9783,0.00005,0.00137,regression,149.778,153.161,3.383,0.0226,0.90246,1,none,0,0,0,0,1,1,none,606,939,333,0.5495,0,0.00004,regression
afd5aaaada9119eed001cad490d540c9f5fb270b,2025-03-17T12:09:32-07:00,4a8dbfadba2b999074b477bf9e43ceb97dba220a,ok,0,0,0,long_task-50,3310140,none,2452.299,2285.376,-166.923,-0.0681,0.15079,0.59278,none,93.401,93.561,0.16,0.0017,1,1,none,269.658,440.131,170.474,0.6322,0.30952,0.80195,none,143.324,155.76,12.436,0.0868,0.30952,0.8206,none,0,0,0,0,1,1,none,607,606,-1,-0.0016,0.7533,0.94024,none
afd5aaaada9119eed001cad490d540c9f5fb270b,2025-03-17T12:09:32-07:00,4a8dbfadba2b999074b477bf9e43ceb97dba220a,ok,0,0,1,slow_input-10,3310175,none,2311.567,2315.423,3.856,0.0017,0.71297,0.94024,none,93.331,107.681,14.35,0.1538,0.00162,0.00878,none,437.993,403.691,-34.302,-0.0783,0.80633,1,none,152.637,172.98,20.343,0.1333,0.01126,0.05347,none,0,0,0,0,1,1,none,604,601,-3,-0.005,0.06778,0.23415,none
afd5aaaada9119eed001cad490d540c9f5fb270b,2025-03-17T12:09:32-07:00,4a8dbfadba2b999074b477bf9e43ceb97dba220a,ok,0,0,1,slow_input-100,3310180,regression,2459.81,2460.476,0.666,0.0003,0.96742,1,none,93.17,193.571,100.401,1.0776,0,0,regression,277.766,318.5,40.734,0.1466,0.10645,0.44944,none,154.498,5847.026,5692.528,36.8453,0,0,regression,0,0,0,0,1,1,none,606,690,84,0.1386,0.01417,0.05769,none
afd5aaaada9119eed001cad490d540c9f5fb270b,2025-03-17T12:09:32-07:00,4a8dbfadba2b999074b477bf9e43ceb97dba220a,ok,0,0,1,slow_input-25,3310155,regression,2458.295,2310.939,-147.356,-0.0599,0.77484,0.94024,none,93.184,126.589,33.405,0.3585,0,0,regression,278.375,409.599,131.223,0.4714,0.23281,0.66351,none,150.185,585.057,434.872,2.8956,0,0,regression,0,0,0,0,1,1,none,609,604,-5,-0.0082,0.19097,0.47799,none
afd5aaaada9119eed001cad490d540c9f5fb270b,2025-03-17T12:09:32-07:00,4a8dbfadba2b999074b477bf9e43ceb97dba220a,ok,0,0,1,slow_input-50,3310162,regression,2459.407,2456.908,-2.5,-0.001,0.65287,0.94024,none,93.181,145.037,51.856,0.5565,0,0,regression,275.703,271.693,-4.01,-0.0145,0.77484,1,none,100.827,2273.293,2172.466,21.5465,0,0,regression,0,0,0,0,1,1,none,604,601,-3,-0.005,0.85172,0.94268,none
5ce27dd981c6064849193a0c7ebbcf13760faedd,2025-05-06T05:13:58Z,91fc0895b2db80fd676cbf7e6d27e772bf89dd6b,ok,0,0,1,blocking_script-100,3614406,none,2900.726,2908.348,7.623,0.0026,0.00001,0.00017,none,92.253,92.902,0.649,0.007,1,1,none,77.392,32.5,-44.892,-0.5801,0.00544,0.05634,none,142.604,145.675,3.071,0.0215,0.83813,1,none,0.021,0.021,0,0,1,1,none,626,712,86,0.1374,0,0.00004,regression
5ce27dd981c6064849193a0c7ebbcf13760faedd,2025-05-06T05:13:58Z,91fc0895b2db80fd676cbf7e6d27e772bf89dd6b,ok,0,0,1,blocking_script-200,3614413,regression,2900.579,3286.897,386.319,0.1332,0,0,regression,92.207,92.058,-0.149,-0.0016,0.90246,0.99884,none,69.356,32.5,-36.856,-0.5314,0.02016,0.1277,none,141.497,148.705,7.208,0.0509,0.38923,0.92106,none,0.021,0.021,0,0,1,1,none,624,811,187,0.2997,0,0.00004,regression
5ce27dd981c6064849193a0c7ebbcf13760faedd,2025-05-06T05:13:58Z,91fc0895b2db80fd676cbf7e6d27e772bf89dd6b,ok,0,0,1,blocking_script-25,3614411,regression,2900.145,2898.906,-1.239,-0.0004,0.43629,0.94024,none,92.255,93.529,1.274,0.0138,0.14848,0.42976,none,38.5,89.409,50.909,1.3223,0.00017,0.00331,regression,142.387,143.334,0.947,0.0067,0.87019,1,none,0.021,0.021,0,0,1,1,none,629,640,11,0.0175,0.00077,0.00674,none
5ce27dd981c6064849193a0c7ebbcf13760faedd,2025-05-06T05:13:58Z,91fc0895b2db80fd676cbf7e6d27e772bf89dd6b,ok,0,0,0,blocking_script-50,3614406,none,2902.211,2927.295,25.084,0.0086,0.00794,0.06032,none,90.25,93.139,2.889,0.032,0.54762,0.77072,none,96.612,41.5,-55.112,-0.5704,0.54762,0.90476,none,17.128,145.549,128.421,7.4977,0.15079,0.5056,none,0.021,0.021,0,0,1,1,none,626,674,48,0.0767,0.00794,0.03934,none
5ce27dd981c6064849193a0c7ebbcf13760faedd,2025-05-06T05:13:58Z,91fc0895b2db80fd676cbf7e6d27e772bf89dd6b,ok,0,0,0,bundle_bloat-200,3627012,none,2899.372,2903.646,4.274,0.0015,0.01587,0.09524,none,90.938,93.174,2.236,0.0246,0.54762,0.77072,none,73.789,66,-7.789,-0.1056,0.54762,0.90476,none,141.043,138.321,-2.722,-0.0193,1,1,none,0.021,0.021,0,0,1,1,none,628,624,-4,-0.0064,0.83403,0.94024,none
5ce27dd981c6064849193a0c7ebbcf13760faedd,2025-05-06T05:13:58Z,91fc0895b2db80fd676cbf7e6d27e772bf89dd6b,ok,0,0,0,bundle_bloat-50,3625844,none,2902.356,2900.338,-2.018,-0.0007,0.03175,0.18095,none,94.235,90.254,-3.981,-0.0422,0.09524,0.3706,none,80.554,72.229,-8.325,-0.1034,0.84127,1,none,146.221,138.939,-7.282,-0.0498,0.69048,0.98393,none,0.021,0.021,0,0,1,1,none,630,632,2,0.0032,0.67234,0.89779,none
5ce27dd981c6064849193a0c7ebbcf13760faedd,2025-05-06T05:13:58Z,91fc0895b2db80fd676cbf7e6d27e772bf89dd6b,ok,0,0,1,bundle_bloat-800,3631249,none,2900.724,2923.387,22.663,0.0078,0,0,none,92.829,94.95,2.121,0.0228,0.24956,0.61847,none,48.5,65.225,16.725,0.3448,0.43044,0.85753,none,138.991,138.918,-0.073,-0.0005,0.71297,1,none,0.021,0.021,0,0,1,1,none,625,640,15,0.024,0.00893,0.0407,none
5ce27dd981c6064849193a0c7ebbcf13760faedd,2025-05-06T05:13:58Z,91fc0895b2db80fd676cbf7e6d27e772bf89dd6b,ok,0,0,1,layout_shift-10,3614488,none,2900.02,2899.596,-0.424,-0.0001,0.5393,0.94024,none,93.265,91.815,-1.45,-0.0155,0.36688,0.71571,none,48.856,36.5,-12.356,-0.2529,0.7715,1,none,143.181,23.612,-119.569,-0.8351,0.56677,0.98393,none,0.021,0.029,0.007,0.3465,0,0,none,625,624,-1,-0.0016,0.93381,1,none
5ce27dd981c6064849193a0c7ebbcf13760faedd,2025-05-06T05:13:58Z,91fc0895b2db80fd676cbf7e6d27e772bf89dd6b,ok,0,0,1,layout_shift-120,3614491,regression,2899.703,2900.509,0.806,0.0003,0.59488,0.94024,none,92.291,93.258,0.967,0.0105,0.46096,0.76158,none,32.5,48.493,15.993,0.4921,0.37241,0.83243,none,147.893,150.528,2.635,0.0178,0.09753,0.38338,none,0.021,0.103,0.082,3.8314,0,0,regression,624,631,7,0.0112,0.00889,0.0407,none
5ce27dd981c6064849193a0c7ebbcf13760faedd,2025-05-06T05:13:58Z,91fc0895b2db80fd676cbf7e6d27e772bf89dd6b,ok,0,0,1,layout_shift-300,3614496,regression,2899.848,2900.767,0.919,0.0003,0.21686,0.7037,none,92.156,93.101,0.945,0.0103,0.41238,0.71571,none,73.742,32,-41.742,-0.5661,0.01908,0.1277,none,18.363,30.342,11.979,0.6523,0.62359,0.98393,none,0.021,0.223,0.201,9.4206,0,0,regression,623,625,2,0.0032,0.93372,1,none
5ce27dd981c6064849193a0c7ebbcf13760faedd,2025-05-06T05:13:58Z,91fc0895b2db80fd676cbf7e6d27e772bf89dd6b,ok,0,0,1,layout_shift-40,3614496,regression,2899.82,2901.336,1.515,0.0005,0.08143,0.40361,none,92.417,91.399,-1.018,-0.011,1,1,none,47,31,-16,-0.3404,0.02016,0.1277,none,140.723,143.802,3.079,0.0219,0.7437,1,none,0.021,0.05,0.028,1.322,0,0,regression,625,626,1,0.0016,0.80312,0.94024,none
5ce27dd981c6064849193a0c7ebbcf13760faedd,2025-05-06T05:13:58Z,91fc0895b2db80fd676cbf7e6d27e772bf89dd6b,ok,0,0,0,long_task-100,3614473,none,2900.4,2900.509,0.109,0,1,1,none,88.027,96.362,8.335,0.0947,0.22222,0.56296,none,79.656,31,-48.656,-0.6108,0.20869,0.66085,none,17.889,146.243,128.354,7.175,1,1,none,0.021,0.021,0,0,1,1,none,632,636,4,0.0063,1,1,none
5ce27dd981c6064849193a0c7ebbcf13760faedd,2025-05-06T05:13:58Z,91fc0895b2db80fd676cbf7e6d27e772bf89dd6b,ok,0,0,0,long_task-200,3614468,none,2899.308,2900.362,1.055,0.0004,0.69048,0.94024,none,92.77,92.215,-0.555,-0.006,0.84127,0.95905,none,44.5,32.201,-12.299,-0.2764,0.05556,0.24359,none,20.984,143.35,122.366,5.8314,0.22222,0.66667,none,0.021,0.021,0,0,1,1,none,635,728,93,0.1465,0.00794,0.03934,regression
5ce27dd981c6064849193a0c7ebbcf13760faedd,2025-05-06T05:13:58Z,91fc0895b2db80fd676cbf7e6d27e772bf89dd6b,ok,0,0,1,long_task-400,3614477,regression,2900.528,2899.721,-0.807,-0.0003,0.56677,0.94024,none,91.957,92.47,0.513,0.0056,0.80633,0.95905,none,74.347,401.466,327.119,4.3999,0,0.00013,regression,139.434,141.69,2.256,0.0162,0.87019,1,none,0.021,0.021,0,0,1,1,none,628,924,296,0.4713,0,0.00004,regression
5ce27dd981c6064849193a0c7ebbcf13760faedd,2025-05-06T05:13:58Z,91fc0895b2db80fd676cbf7e6d27e772bf89dd6b,ok,0,0,1,long_task-50,3614466,none,2901.086,2899.915,-1.172,-0.0004,0.11598,0.5509,none,92.882,93.143,0.261,0.0028,0.34531,0.70295,none,75.9,32.5,-43.4,-0.5718,0.01281,0.11235,none,139.644,148.349,8.705,0.0623,0.0675,0.27481,none,0.021,0.021,0,0,1,1,none,632,627,-5,-0.0079,0.54697,0.82046,none
5ce27dd981c6064849193a0c7ebbcf13760faedd,2025-05-06T05:13:58Z,91fc0895b2db80fd676cbf7e6d27e772bf89dd6b,ok,0,0,1,slow_input-10,3614510,regression,2899.939,2899.992,0.053,0,0.80633,0.94024,none,92.68,104.154,11.474,0.1238,0.00026,0.00159,none,75.366,40,-35.366,-0.4693,0.32455,0.82219,none,16.972,177.769,160.797,9.4743,0.00048,0.0026,regression,0.021,0.021,0,0,1,1,none,629,624,-5,-0.0079,0.21266,0.47799,none
5ce27dd981c6064849193a0c7ebbcf13760faedd,2025-05-06T05:13:58Z,91fc0895b2db80fd676cbf7e6d27e772bf89dd6b,ok,0,0,1,slow_input-100,3614502,regression,2900.585,2900.124,-0.46,-0.0002,0.17361,0.63843,none,92.449,196.047,103.598,1.1206,0,0,regression,34.821,32.5,-2.321,-0.0666,0.16449,0.58599,none,141.966,5973.576,5831.61,41.0775,0,0,regression,0.021,0.021,0,0,1,1,none,625,625,0,0,0.81923,0.94024,none
5ce27dd981c6064849193a0c7ebbcf13760faedd,2025-05-06T05:13:58Z,91fc0895b2db80fd676cbf7e6d27e772bf89dd6b,ok,0,0,1,slow_input-25,3614504,regression,2900.389,2900.713,0.324,0.0001,0.14848,0.59278,none,92.517,123.421,30.904,0.334,0,0,regression,31.226,68.268,37.042,1.1863,0.04644,0.23017,none,141.603,697.774,556.171,3.9277,0,0,regression,0.021,0.021,0,0,1,1,none,625,622,-3,-0.0048,0.46738,0.7614,none
5ce27dd981c6064849193a0c7ebbcf13760faedd,2025-05-06T05:13:58Z,91fc0895b2db80fd676cbf7e6d27e772bf89dd6b,ok,0,0,1,slow_input-50,3614502,regression,2899.889,2900.98,1.092,0.0004,0.00987,0.07036,none,92.992,148.139,55.147,0.593,0,0,regression,32,43,11,0.3437,0.22825,0.66351,none,140.504,2424.908,2284.404,16.2586,0,0,regression,0.021,0.021,0,0,1,1,none,628,624,-4,-0.0064,0.19801,0.47799,none
4bfe42458eafd489e2f8001cf841cefd92cbcd56,2026-02-16T16:46:25+05:30,49629cfb61431d45985e7df24387bdff905609b6,ok,0,0,0,blocking_script-100,3965183,none,2948.223,2930.862,-17.361,-0.0059,0.00794,0.06032,none,91.191,89.431,-1.76,-0.0193,0.84127,0.95905,none,42,119.289,77.289,1.8402,0.67517,1,none,179.175,17.813,-161.362,-0.9006,0.84127,1,none,0.001,0.001,0,0,0.73373,1,none,696,778,82,0.1178,0.00794,0.03934,regression
4bfe42458eafd489e2f8001cf841cefd92cbcd56,2026-02-16T16:46:25+05:30,49629cfb61431d45985e7df24387bdff905609b6,ok,0,0,1,blocking_script-200,3965183,regression,2946.997,3330.792,383.795,0.1302,0,0,regression,82.992,85.27,2.278,0.0274,0.30459,0.67857,none,136.226,135.777,-0.449,-0.0033,1,1,none,18.318,34.696,16.378,0.8941,1,1,none,0.001,0.001,0,0,0.1712,0.67297,none,698,887,189,0.2708,0,0.00004,regression
4bfe42458eafd489e2f8001cf841cefd92cbcd56,2026-02-16T16:46:25+05:30,49629cfb61431d45985e7df24387bdff905609b6,ok,0,0,0,blocking_script-25,3965183,none,2945.866,2944.16,-1.706,-0.0006,0.54762,0.94024,none,82.22,83.07,0.85,0.0103,0.54762,0.77072,none,41,40,-1,-0.0244,0.84127,1,none,179.773,179.919,0.146,0.0008,0.54762,0.98393,none,0.001,0.001,0,-0.1599,0.15028,0.61186,none,688,711,23,0.0334,0.05933,0.21135,none
4bfe42458eafd489e2f8001cf841cefd92cbcd56,2026-02-16T16:46:25+05:30,49629cfb61431d45985e7df24387bdff905609b6,ok,0,0,0,blocking_script-50,3965177,none,2945.837,2929.488,-16.349,-0.0055,0.00794,0.06032,none,87.154,81.879,-5.275,-0.0605,0.09524,0.3706,none,43.5,116.725,73.225,1.6833,0.15079,0.55453,none,183.797,192.023,8.226,0.0448,0.42063,0.92106,none,0.001,0.001,0,0,1,1,none,700,736,36,0.0514,0.00794,0.03934,none
4bfe42458eafd489e2f8001cf841cefd92cbcd56,2026-02-16T16:46:25+05:30,49629cfb61431d45985e7df24387bdff905609b6,ok,0,0,0,bundle_bloat-200,3977665,none,2951.092,2917.376,-33.715,-0.0114,1,1,none,111.364,119.711,8.347,0.075,0.30952,0.67857,none,129.317,127.035,-2.282,-0.0176,1,1,none,407.146,402.167,-4.979,-0.0122,1,1,none,0.001,0.001,0,-0.1599,0.1461,0.61186,none,712,756,44,0.0618,0.42063,0.72655,none
4bfe42458eafd489e2f8001cf841cefd92cbcd56,2026-02-16T16:46:25+05:30,49629cfb61431d45985e7df24387bdff905609b6,ok,0,0,0,bundle_bloat-50,3976520,none,2949.612,2946.939,-2.673,-0.0009,0.84127,0.94024,none,124.137,119.028,-5.109,-0.0412,0.15079,0.42976,none,149.181,39,-110.181,-0.7386,0.2948,0.78157,none,359.64,373.683,14.043,0.039,0.42063,0.92106,none,0.001,0.001,0,0,0.73373,1,none,711,697,-14,-0.0197,0.00794,0.03934,none
4bfe42458eafd489e2f8001cf841cefd92cbcd56,2026-02-16T16:46:25+05:30,49629cfb61431d45985e7df24387bdff905609b6,ok,0,0,0,bundle_bloat-800,3981893,none,2954.828,2951.99,-2.838,-0.001,0.84127,0.94024,none,124.707,125.567,0.86,0.0069,0.84127,0.95905,none,67.369,167.716,100.346,1.4895,0.42063,0.85629,none,477.457,430.887,-46.57,-0.0975,0.69048,0.98393,none,0.001,0.001,0,-0.3756,0.05735,0.25144,none,788,785,-3,-0.0038,0.69048,0.89779,none
4bfe42458eafd489e2f8001cf841cefd92cbcd56,2026-02-16T16:46:25+05:30,49629cfb61431d45985e7df24387bdff905609b6,ok,0,0,1,layout_shift-10,3965265,none,2947.606,2949.212,1.606,0.0005,0.5393,0.94024,none,117.405,115.485,-1.92,-0.0164,0.14848,0.42976,none,124.566,141.829,17.263,0.1386,0.40668,0.85629,none,357.022,359.715,2.693,0.0075,0.83813,1,none,0.001,0.008,0.007,7.3099,0,0.00001,none,704,701,-3,-0.0043,0.49339,0.78121,none
4bfe42458eafd489e2f8001cf841cefd92cbcd56,2026-02-16T16:46:25+05:30,49629cfb61431d45985e7df24387bdff905609b6,ok,0,0,1,layout_shift-120,3965264,regression,2949.398,2948.175,-1.223,-0.0004,0.68267,0.94024,none,118.943,117.68,-1.263,-0.0106,0.62359,0.84631,none,44.439,141.017,96.579,2.1733,0.05121,0.24326,none,370.268,352.604,-17.664,-0.0477,0.23281,0.68053,none,0.001,0.089,0.089,121.9986,0,0.00001,regression,705,701,-4,-0.0057,0.22023,0.47799,none
4bfe42458eafd489e2f8001cf841cefd92cbcd56,2026-02-16T16:46:25+05:30,49629cfb61431d45985e7df24387bdff905609b6,ok,0,0,1,layout_shift-300,3965272,regression,2949.068,2949.537,0.469,0.0002,0.80633,0.94024,none,122.011,114.538,-7.473,-0.0612,0.12615,0.42976,none,143.318,142.427,-0.891,-0.0062,0.28544,0.77477,none,358.604,366.712,8.108,0.0226,0.32455,0.82219,none,0.001,0.223,0.222,305.0525,0,0.00001,regression,704,707,3,0.0043,0.48005,0.77078,none
4bfe42458eafd489e2f8001cf841cefd92cbcd56,2026-02-16T16:46:25+05:30,49629cfb61431d45985e7df24387bdff905609b6,ok,0,0,1,layout_shift-40,3965267,regression,2947.431,2948.029,0.598,0.0002,0.24956,0.74867,none,118.045,118.541,0.496,0.0042,0.65287,0.87561,none,141.045,139.437,-1.608,-0.0114,0.71297,1,none,374.756,370.527,-4.229,-0.0113,0.93489,1,none,0.001,0.03,0.03,40.6662,0,0.00001,regression,701,706,5,0.0071,0.19022,0.47799,none
4bfe42458eafd489e2f8001cf841cefd92cbcd56,2026-02-16T16:46:25+05:30,49629cfb61431d45985e7df24387bdff905609b6,ok,0,0,0,long_task-100,3965249,none,2943.965,2941.815,-2.15,-0.0007,0.42063,0.94024,none,87.175,82.933,-4.242,-0.0487,0.15079,0.42976,none,127.344,116.327,-11.016,-0.0865,1,1,none,15.22,181.412,166.192,10.9193,0.54762,0.98393,none,0.001,0.001,0,0.3454,0.57615,1,none,703,700,-3,-0.0043,1,1,none
4bfe42458eafd489e2f8001cf841cefd92cbcd56,2026-02-16T16:46:25+05:30,49629cfb61431d45985e7df24387bdff905609b6,ok,0,0,0,long_task-200,3965246,none,2946.649,2949.41,2.761,0.0009,0.30952,0.84014,none,83.352,86.246,2.894,0.0347,0.42063,0.71571,none,40.5,43,2.5,0.0617,1,1,none,186.103,184.071,-2.032,-0.0109,1,1,none,0.001,0.001,0,0,0.90486,1,none,694,809,115,0.1657,0.01167,0.05035,none
4bfe42458eafd489e2f8001cf841cefd92cbcd56,2026-02-16T16:46:25+05:30,49629cfb61431d45985e7df24387bdff905609b6,ok,0,0,0,long_task-400,3965246,none,2942.277,2944.059,1.782,0.0006,0.84127,0.94024,none,86.029,86.63,0.601,0.007,0.54762,0.77072,none,99.525,253.461,153.936,1.5467,0.22222,0.66351,none,14.745,179.205,164.46,11.1536,0.54762,0.98393,none,0.001,0.001,0,0.1904,0.19208,0.72992,none,690,998,308,0.4464,0.00794,0.03934,regression
4bfe42458eafd489e2f8001cf841cefd92cbcd56,2026-02-16T16:46:25+05:30,49629cfb61431d45985e7df24387bdff905609b6,ok,0,0,1,long_task-50,3965245,regression,2945.126,2946.731,1.605,0.0005,0.87019,0.94478,none,83.514,84.842,1.328,0.0159,1,1,none,41,139.974,98.974,2.414,0.0014,0.01999,regression,178.764,18.608,-160.156,-0.8959,1,1,none,0.001,0.001,0,0.3454,0.01157,0.05276,none,693,700,7,0.0101,0.18373,0.47799,none
4bfe42458eafd489e2f8001cf841cefd92cbcd56,2026-02-16T16:46:25+05:30,49629cfb61431d45985e7df24387bdff905609b6,ok,0,0,1,slow_input-10,3965278,regression,2948.991,2951.426,2.435,0.0008,0.87019,0.94478,none,120.632,136.598,15.966,0.1324,0.002,0.01036,none,152.918,68.322,-84.596,-0.5532,0.01855,0.1277,none,357.407,692.667,335.26,0.938,0.00006,0.00034,regression,0.001,0.001,0,0,0.67462,1,none,715,727,12,0.0168,0.80329,0.94024,none
4bfe42458eafd489e2f8001cf841cefd92cbcd56,2026-02-16T16:46:25+05:30,49629cfb61431d45985e7df24387bdff905609b6,ok,0,0,1,slow_input-100,3965280,regression,2950.832,2949.648,-1.184,-0.0004,0.65287,0.94024,none,114.483,237.525,123.042,1.0748,0,0,regression,140.087,52.333,-87.754,-0.6264,0.45525,0.87964,none,378.048,7154.353,6776.305,17.9245,0,0,regression,0.001,0.001,0,0,0.52324,1,none,704,700,-4,-0.0057,0.15749,0.44885,none
4bfe42458eafd489e2f8001cf841cefd92cbcd56,2026-02-16T16:46:25+05:30,49629cfb61431d45985e7df24387bdff905609b6,ok,0,0,1,slow_input-25,3965277,regression,2949.496,2951.275,1.779,0.0006,0.20168,0.69671,none,109.006,152.053,43.047,0.3949,0,0,regression,42.5,149.418,106.918,2.5157,0.02016,0.1277,none,330.361,1462.978,1132.617,3.4284,0,0,regression,0.001,0.001,0,0,0.45637,1,none,718,722,4,0.0056,1,1,none
4bfe42458eafd489e2f8001cf841cefd92cbcd56,2026-02-16T16:46:25+05:30,49629cfb61431d45985e7df24387bdff905609b6,ok,0,0,1,slow_input-50,3965278,regression,2949.262,2950.259,0.997,0.0003,0.7437,0.94024,none,119.272,173.553,54.281,0.4551,0,0,regression,141.118,147.335,6.217,0.0441,1,1,none,398.278,3275.541,2877.263,7.2243,0,0,regression,0.001,0.001,0,0,0.80392,1,none,714,707,-7,-0.0098,0.35015,0.63399,none
ebced635c9cb6288c45f3ca81926bc9e0e8b9726,2026-06-08T13:16:56Z,6438d0074df85ada655521393b2d7dd015056139,ok,0,0,0,blocking_script-100,5808036,none,3169.637,3426.55,256.913,0.0811,0.15079,0.59278,none,122.477,129.996,7.519,0.0614,1,1,none,487.739,463,-24.739,-0.0507,1,1,none,652.772,815.652,162.88,0.2495,0.54762,0.98393,none,0.001,0.001,0,0,1,1,none,754,782,28,0.0371,0.15079,0.44078,none
ebced635c9cb6288c45f3ca81926bc9e0e8b9726,2026-06-08T13:16:56Z,6438d0074df85ada655521393b2d7dd015056139,ok,0,0,1,blocking_script-200,5808037,none,3131.402,3165.159,33.757,0.0108,0.56677,0.94024,none,124.137,119.22,-4.917,-0.0396,0.05022,0.22021,none,486.605,665.086,178.481,0.3668,0.00494,0.05631,none,682.126,667.414,-14.712,-0.0216,0.59488,0.98393,none,0.001,0.001,0,0,1,1,none,718,841,123,0.1713,0,0.00004,regression
ebced635c9cb6288c45f3ca81926bc9e0e8b9726,2026-06-08T13:16:56Z,6438d0074df85ada655521393b2d7dd015056139,ok,0,0,1,blocking_script-25,5808033,none,3172.708,3333.248,160.54,0.0506,0.56677,0.94024,none,138.756,113.409,-25.347,-0.1827,0.09753,0.3706,none,452.967,464.5,11.533,0.0255,0.04533,0.23017,none,881.518,607.958,-273.56,-0.3103,0.11598,0.44072,none,0.001,0.001,0,0,1,1,none,730,739,9,0.0123,0.77145,0.94024,none
ebced635c9cb6288c45f3ca81926bc9e0e8b9726,2026-06-08T13:16:56Z,6438d0074df85ada655521393b2d7dd015056139,ok,0,0,1,blocking_script-50,5808032,regression,3369.583,3141.567,-228.015,-0.0677,0.21686,0.7037,none,123.809,120.496,-3.313,-0.0268,0.71297,0.89317,none,472.935,684.187,211.252,0.4467,0.00167,0.02109,regression,713.582,734.79,21.208,0.0297,0.90246,1,none,0.001,0.001,0,0,1,1,none,758,731,-27,-0.0356,0.09687,0.31551,none
ebced635c9cb6288c45f3ca81926bc9e0e8b9726,2026-06-08T13:16:56Z,6438d0074df85ada655521393b2d7dd015056139,ok,0,0,0,bundle_bloat-200,5820202,none,3364.392,3438.355,73.963,0.022,0.54762,0.94024,none,141.032,144.104,3.072,0.0218,0.84127,0.95905,none,469,491.851,22.851,0.0487,0.84127,1,none,1108.493,1132.919,24.426,0.022,0.54762,0.98393,none,0.001,0.001,0,0,1,1,none,768,804,36,0.0469,0.22222,0.47799,none
ebced635c9cb6288c45f3ca81926bc9e0e8b9726,2026-06-08T13:16:56Z,6438d0074df85ada655521393b2d7dd015056139,ok,0,0,1,bundle_bloat-50,5819048,none,3207.686,3206.645,-1.041,-0.0003,0.87019,0.94478,none,123.281,131.445,8.164,0.0662,0.51249,0.77072,none,528.581,530.092,1.512,0.0029,1,1,none,992.179,1124.005,131.826,0.1329,0.14848,0.5056,none,0.001,0.001,0,0,1,1,none,787,787,0,0,0.51982,0.80502,none
ebced635c9cb6288c45f3ca81926bc9e0e8b9726,2026-06-08T13:16:56Z,6438d0074df85ada655521393b2d7dd015056139,ok,0,0,0,bundle_bloat-800,5824380,none,3414.878,3661.251,246.373,0.0721,0.54762,0.94024,none,170.118,147.364,-22.754,-0.1338,0.84127,0.95905,none,662.109,221.608,-440.5,-0.6653,0.69048,1,none,1806.869,1755.44,-51.429,-0.0285,0.69048,0.98393,none,0.001,0.001,0,0,1,1,none,923,972,49,0.0531,1,1,none
ebced635c9cb6288c45f3ca81926bc9e0e8b9726,2026-06-08T13:16:56Z,6438d0074df85ada655521393b2d7dd015056139,ok,0,0,1,layout_shift-10,5808120,none,3237.867,3298.195,60.328,0.0186,0.77484,0.94024,none,123.674,117.384,-6.29,-0.0509,0.83813,0.95905,none,456.991,434,-22.991,-0.0503,0.90246,1,none,666.147,817.822,151.675,0.2277,0.80633,1,none,0.001,0.008,0.007,10.7242,0,0,none,769,724,-45,-0.0585,0.24956,0.50698,none
ebced635c9cb6288c45f3ca81926bc9e0e8b9726,2026-06-08T13:16:56Z,6438d0074df85ada655521393b2d7dd015056139,ok,0,0,1,layout_shift-120,5808123,regression,3197.052,3374.468,177.416,0.0555,0.65287,0.94024,none,144.505,144.467,-0.038,-0.0003,0.90246,0.99884,none,512.372,172.456,-339.916,-0.6634,0.77484,1,none,1108.76,1319.68,210.92,0.1902,0.24956,0.71124,none,0.001,0.089,0.089,128.5354,0,0,regression,824,820,-4,-0.0049,0.98345,1,none
ebced635c9cb6288c45f3ca81926bc9e0e8b9726,2026-06-08T13:16:56Z,6438d0074df85ada655521393b2d7dd015056139,ok,0,0,1,layout_shift-300,5808121,regression,3225.831,3444.591,218.76,0.0678,0.68267,0.94024,none,138.025,127.582,-10.443,-0.0757,0.0235,0.11161,none,508.972,501.322,-7.65,-0.015,0.36688,0.83243,none,953.957,1393.345,439.388,0.4606,0.04533,0.19141,none,0.001,0.223,0.222,321.3375,0,0,regression,787,801,14,0.0178,0.70864,0.9077,none
ebced635c9cb6288c45f3ca81926bc9e0e8b9726,2026-06-08T13:16:56Z,6438d0074df85ada655521393b2d7dd015056139,ok,0,0,1,layout_shift-40,5808117,regression,3141.461,3279.727,138.266,0.044,0.46096,0.94024,none,148.943,139.042,-9.901,-0.0665,0.96742,1,none,527.317,450.537,-76.78,-0.1456,0.36688,0.83243,none,1199.887,1401.195,201.308,0.1678,0.80633,1,none,0.001,0.03,0.03,42.8451,0.00014,0.00064,regression,900,973,73,0.0811,0.13697,0.42203,none
ebced635c9cb6288c45f3ca81926bc9e0e8b9726,2026-06-08T13:16:56Z,6438d0074df85ada655521393b2d7dd015056139,ok,0,0,1,long_task-100,5808101,none,3254.655,3335.303,80.648,0.0248,0.16069,0.6106,none,111.881,103.738,-8.143,-0.0728,0.04084,0.18623,none,466.554,402.5,-64.054,-0.1373,0.81953,1,none,347.933,350.315,2.382,0.0068,0.7437,1,none,0.001,0.001,0,0,1,1,none,711,749,38,0.0534,0.00121,0.00921,none
ebced635c9cb6288c45f3ca81926bc9e0e8b9726,2026-06-08T13:16:56Z,6438d0074df85ada655521393b2d7dd015056139,ok,0,0,0,long_task-200,5808108,none,3325.664,3346.356,20.692,0.0062,0.42063,0.94024,none,99.827,97.683,-2.144,-0.0215,0.69048,0.89317,none,424.5,79,-345.5,-0.8139,0.22222,0.66351,none,94.759,330.114,235.355,2.4837,1,1,none,0.001,0.001,0,0,1,1,none,711,832,121,0.1702,0.00794,0.03934,regression
ebced635c9cb6288c45f3ca81926bc9e0e8b9726,2026-06-08T13:16:56Z,6438d0074df85ada655521393b2d7dd015056139,ok,0,0,0,long_task-400,5808094,none,3337.922,3354.998,17.076,0.0051,1,1,none,119.227,116.606,-2.621,-0.022,0.69048,0.89317,none,460,129.431,-330.569,-0.7186,0.84127,1,none,619.65,562.105,-57.545,-0.0929,1,1,none,0.001,0.001,0,0,1,1,none,770,1073,303,0.3935,0.00794,0.03934,regression
ebced635c9cb6288c45f3ca81926bc9e0e8b9726,2026-06-08T13:16:56Z,6438d0074df85ada655521393b2d7dd015056139,ok,0,0,0,long_task-50,5808101,none,3123.04,3326.934,203.894,0.0653,0.84127,0.94024,none,125.182,113.553,-11.629,-0.0929,0.15079,0.42976,none,475.853,446.995,-28.857,-0.0606,0.69048,1,none,385.289,339.75,-45.539,-0.1182,0.69048,0.98393,none,0.001,0.001,0,0,1,1,none,722,722,0,0,1,1,none
ebced635c9cb6288c45f3ca81926bc9e0e8b9726,2026-06-08T13:16:56Z,6438d0074df85ada655521393b2d7dd015056139,ok,0,0,1,slow_input-10,5808136,regression,3138.491,3120.616,-17.875,-0.0057,0.56677,0.94024,none,114.164,142.669,28.505,0.2497,0.00001,0.00006,regression,474.118,490.622,16.504,0.0348,0.12615,0.49589,none,316.027,1498.148,1182.121,3.7406,0,0,regression,0.001,0.001,0,0,1,1,none,712,725,13,0.0183,0.35037,0.63399,none
ebced635c9cb6288c45f3ca81926bc9e0e8b9726,2026-06-08T13:16:56Z,6438d0074df85ada655521393b2d7dd015056139,ok,0,0,1,slow_input-100,5808144,regression,3148.851,3124.429,-24.422,-0.0078,0.71297,0.94024,none,119.621,240.424,120.803,1.0099,0,0,regression,499.779,512.944,13.166,0.0263,0.90246,1,none,621.78,8077.9,7456.12,11.9916,0,0,regression,0.001,0.001,0,0,1,1,none,723,721,-2,-0.0028,0.41841,0.72655,none
ebced635c9cb6288c45f3ca81926bc9e0e8b9726,2026-06-08T13:16:56Z,6438d0074df85ada655521393b2d7dd015056139,ok,0,0,1,slow_input-25,5808139,regression,3128.182,3213.517,85.335,0.0273,0.20168,0.69671,none,116.131,155.927,39.796,0.3427,0,0,regression,475.82,476.522,0.703,0.0015,0.41238,0.85629,none,469.368,2641.946,2172.578,4.6287,0,0,regression,0.001,0.001,0,0,1,1,none,726,733,7,0.0096,0.20559,0.47799,none
ebced635c9cb6288c45f3ca81926bc9e0e8b9726,2026-06-08T13:16:56Z,6438d0074df85ada655521393b2d7dd015056139,ok,0,0,1,slow_input-50,5808142,regression,3172.705,3116.412,-56.293,-0.0177,0.83813,0.94024,none,119.728,177.036,57.308,0.4787,0,0,regression,446.937,458.696,11.759,0.0263,0.20168,0.6569,none,540.586,4154.14,3613.554,6.6845,0,0,regression,0.001,0.001,0,0,1,1,none,707,720,13,0.0184,0.22893,0.48329,none
1ab7e2e0740a4380172df93bb707538521c14b15,2026-09-22T13:43:11+05:30,11141860ee0fe3d70bb29946f2f1ae5ce48d4220,ok,0,0,1,blocking_script-100,5984970,regression,3736.996,3701.657,-35.339,-0.0095,0.62359,0.94024,none,663.202,455.888,-207.314,-0.3126,0.38923,0.71571,none,757,1301.5,544.5,0.7193,0.00032,0.00527,regression,5795.598,5144.517,-651.081,-0.1123,0.12615,0.4639,none,0.001,0.001,0,0,1,1,none,1097,1109,12,0.0109,0.80344,0.94024,none
1ab7e2e0740a4380172df93bb707538521c14b15,2026-09-22T13:43:11+05:30,11141860ee0fe3d70bb29946f2f1ae5ce48d4220,ok,0,0,0,blocking_script-200,5984973,none,3775.213,3377.177,-398.036,-0.1054,0.42063,0.94024,none,278.252,294.482,16.23,0.0583,1,1,none,1187.339,1119.573,-67.765,-0.0571,0.84127,1,none,3408.651,3417.89,9.239,0.0027,1,1,none,0.001,0.001,0,0,1,1,none,1021,1066,45,0.0441,0.84127,0.94024,none
1ab7e2e0740a4380172df93bb707538521c14b15,2026-09-22T13:43:11+05:30,11141860ee0fe3d70bb29946f2f1ae5ce48d4220,ok,0,0,1,blocking_script-25,5984980,regression,3665.004,3751.252,86.249,0.0235,0.32455,0.86043,none,320.347,348.467,28.12,0.0878,0.38923,0.71571,none,768,1228.5,460.5,0.5996,0,0.00005,regression,3288.312,4331.283,1042.971,0.3172,0.20168,0.62139,none,0.001,0.001,0,0,1,1,none,940,957,17,0.0181,0.57547,0.83042,none
1ab7e2e0740a4380172df93bb707538521c14b15,2026-09-22T13:43:11+05:30,11141860ee0fe3d70bb29946f2f1ae5ce48d4220,ok,0,0,0,blocking_script-50,5984969,none,3645.886,3735.532,89.646,0.0246,0.42063,0.94024,none,364.197,431.843,67.646,0.1857,0.42063,0.71571,none,963.681,1147,183.319,0.1902,0.42063,0.85629,none,3740.016,4433.695,693.679,0.1855,0.42063,0.92106,none,0.001,0.001,0,0,1,1,none,998,1035,37,0.0371,0.84127,0.94024,none
1ab7e2e0740a4380172df93bb707538521c14b15,2026-09-22T13:43:11+05:30,11141860ee0fe3d70bb29946f2f1ae5ce48d4220,ok,0,0,0,bundle_bloat-200,5997228,none,3080.689,3490.276,409.587,0.133,0.42063,0.94024,none,778.407,792.584,14.177,0.0182,0.30952,0.67857,none,2050.902,1356.059,-694.844,-0.3388,0.42063,0.85629,none,6701.321,6798.491,97.17,0.0145,1,1,none,0.001,0.001,0,0,1,1,none,1238,1259,21,0.017,0.46334,0.7614,none
1ab7e2e0740a4380172df93bb707538521c14b15,2026-09-22T13:43:11+05:30,11141860ee0fe3d70bb29946f2f1ae5ce48d4220,ok,0,0,0,bundle_bloat-50,5996046,none,3477.732,3502.933,25.201,0.0072,1,1,none,472.191,506.754,34.563,0.0732,0.42063,0.71571,none,1325.205,1348.464,23.259,0.0176,0.54762,0.90476,none,5252.273,5147.572,-104.701,-0.0199,1,1,none,0.001,0.001,0,0,1,1,none,1155,1096,-59,-0.0511,0.69048,0.89779,none
1ab7e2e0740a4380172df93bb707538521c14b15,2026-09-22T13:43:11+05:30,11141860ee0fe3d70bb29946f2f1ae5ce48d4220,ok,0,0,0,bundle_bloat-800,6001399,none,3399.391,3348.437,-50.955,-0.015,0.69048,0.94024,none,630.359,755.229,124.87,0.1981,0.54762,0.77072,none,1389.5,1349.509,-39.991,-0.0288,0.84127,1,none,6293.87,6400.991,107.121,0.017,0.69048,0.98393,none,0.001,0.001,0,0,1,1,none,1191,1189,-2,-0.0017,0.69048,0.89779,none
1ab7e2e0740a4380172df93bb707538521c14b15,2026-09-22T13:43:11+05:30,11141860ee0fe3d70bb29946f2f1ae5ce48d4220,ok,0,0,1,layout_shift-10,5985050,none,3661.305,3519.364,-141.941,-0.0388,0.51249,0.94024,none,727.912,565.281,-162.631,-0.2234,0.18727,0.5207,none,1032.989,1327.187,294.198,0.2848,0.51249,0.90476,none,5931.657,6011.652,79.995,0.0135,0.93489,1,none,0.001,0.008,0.007,8.8162,0,0,none,1156,1129,-27,-0.0234,0.83813,0.94024,none
1ab7e2e0740a4380172df93bb707538521c14b15,2026-09-22T13:43:11+05:30,11141860ee0fe3d70bb29946f2f1ae5ce48d4220,ok,0,0,1,layout_shift-120,5985058,regression,3455.517,3391.14,-64.377,-0.0186,0.83813,0.94024,none,710.299,725.905,15.606,0.022,0.71297,0.89317,none,1452.343,1432.472,-19.871,-0.0137,1,1,none,5887.046,6336.442,449.396,0.0763,0.59488,0.98393,none,0.001,0.09,0.089,105.6723,0,0.00002,regression,1182,1150,-32,-0.0271,0.96691,1,none
1ab7e2e0740a4380172df93bb707538521c14b15,2026-09-22T13:43:11+05:30,11141860ee0fe3d70bb29946f2f1ae5ce48d4220,ok,0,0,1,layout_shift-300,5985055,regression,3433.541,3341.457,-92.084,-0.0268,0.77484,0.94024,none,696.213,569.052,-127.161,-0.1826,0.71297,0.89317,none,1595.613,1614.355,18.741,0.0117,0.59488,0.96881,none,5750.609,5867.25,116.641,0.0203,0.43629,0.92106,none,0.001,0.223,0.222,264.0639,0,0,regression,1203,1229,26,0.0216,0.56136,0.83042,none
1ab7e2e0740a4380172df93bb707538521c14b15,2026-09-22T13:43:11+05:30,11141860ee0fe3d70bb29946f2f1ae5ce48d4220,ok,0,0,1,layout_shift-40,5985062,regression,3430.036,3427.286,-2.75,-0.0008,0.77484,0.94024,none,453.348,567.783,114.435,0.2524,0.14848,0.42976,none,1362.201,1404.315,42.114,0.0309,0.48636,0.90476,none,5016.94,5210.81,193.87,0.0386,0.20168,0.62139,none,0.001,0.03,0.03,35.2241,0,0,regression,1156,1134,-22,-0.019,0.29944,0.56893,none
1ab7e2e0740a4380172df93bb707538521c14b15,2026-09-22T13:43:11+05:30,11141860ee0fe3d70bb29946f2f1ae5ce48d4220,ok,0,0,0,long_task-100,5985033,none,3782.792,3694.673,-88.119,-0.0233,0.42063,0.94024,none,219.405,245.266,25.861,0.1179,0.54762,0.77072,none,470.597,757.5,286.903,0.6097,0.69048,1,none,2760.69,2941.459,180.769,0.0655,0.42063,0.92106,none,0.001,0.001,0,0,1,1,none,830,861,31,0.0373,0.09369,0.31415,none
1ab7e2e0740a4380172df93bb707538521c14b15,2026-09-22T13:43:11+05:30,11141860ee0fe3d70bb29946f2f1ae5ce48d4220,ok,0,0,0,long_task-200,5985040,none,3273.764,3669.273,395.509,0.1208,0.84127,0.94024,none,271.392,216.628,-54.764,-0.2018,0.22222,0.56296,none,920.826,785,-135.826,-0.1475,0.69048,1,none,3073.19,3006.411,-66.779,-0.0217,0.03175,0.13919,none,0.001,0.001,0,0,1,1,none,822,954,132,0.1606,0.01193,0.05035,none
1ab7e2e0740a4380172df93bb707538521c14b15,2026-09-22T13:43:11+05:30,11141860ee0fe3d70bb29946f2f1ae5ce48d4220,ok,0,0,1,long_task-400,5985048,improvement,3560.17,3116.056,-444.114,-0.1247,0.00003,0.00056,improvement,268.37,264.635,-3.735,-0.0139,0.34531,0.70295,none,572.5,1001.843,429.343,0.7499,0.0128,0.11235,none,2921.735,2977.312,55.577,0.019,0.32455,0.82219,none,0.001,0.001,0,0,1,1,none,827,1130,303,0.3664,0,0.00004,regression
1ab7e2e0740a4380172df93bb707538521c14b15,2026-09-22T13:43:11+05:30,11141860ee0fe3d70bb29946f2f1ae5ce48d4220,ok,0,0,1,long_task-50,5985042,none,3495.376,3514.704,19.328,0.0055,0.14848,0.59278,none,308.652,303.72,-4.932,-0.016,0.80633,0.95905,none,915,834.5,-80.5,-0.088,0.96742,1,none,3188.278,3433.117,244.839,0.0768,0.65287,0.98393,none,0.001,0.001,0,0,1,1,none,834,841,7,0.0084,0.96691,1,none
1ab7e2e0740a4380172df93bb707538521c14b15,2026-09-22T13:43:11+05:30,11141860ee0fe3d70bb29946f2f1ae5ce48d4220,ok,0,0,1,slow_input-10,5985085,regression,3711.711,3726.651,14.94,0.004,0.51249,0.94024,none,273.533,291.272,17.739,0.0649,0.51249,0.77072,none,779,783.5,4.5,0.0058,0.90246,1,none,3030.26,3793.861,763.601,0.252,0.001,0.00494,regression,0.001,0.001,0,0,1,1,none,821,830,9,0.011,0.23658,0.49037,none
1ab7e2e0740a4380172df93bb707538521c14b15,2026-09-22T13:43:11+05:30,11141860ee0fe3d70bb29946f2f1ae5ce48d4220,ok,0,0,1,slow_input-100,5985086,regression,3776.131,3471.594,-304.536,-0.0806,0.51249,0.94024,none,704.81,629.155,-75.655,-0.1073,0.32455,0.69808,none,814.814,1108.379,293.565,0.3603,0.43629,0.85753,none,6457.443,13576.9,7119.457,1.1025,0,0,regression,0.001,0.001,0,0,1,1,none,1053,1056,3,0.0028,0.90089,0.98752,none
1ab7e2e0740a4380172df93bb707538521c14b15,2026-09-22T13:43:11+05:30,11141860ee0fe3d70bb29946f2f1ae5ce48d4220,ok,0,0,1,slow_input-25,5985056,regression,3704.358,3681.607,-22.752,-0.0061,1,1,none,394.42,438.33,43.91,0.1113,0.48636,0.77072,none,791.5,814.5,23,0.0291,0.88456,1,none,4171.316,5723.287,1551.971,0.3721,0.00083,0.00432,regression,0.001,0.001,0,0,1,1,none,970,931,-39,-0.0402,0.7715,0.94024,none
1ab7e2e0740a4380172df93bb707538521c14b15,2026-09-22T13:43:11+05:30,11141860ee0fe3d70bb29946f2f1ae5ce48d4220,ok,0,0,1,slow_input-50,5985063,regression,3778.719,3752.206,-26.514,-0.007,0.46096,0.94024,none,737.739,662.341,-75.398,-0.1022,0.00316,0.01564,improvement,755,1186,431,0.5709,0.12615,0.49589,none,6939.759,10298.431,3358.672,0.484,0,0,regression,0.001,0.001,0,0,1,1,none,1051,1057,6,0.0057,0.73994,0.93725,none
