id,repo,subject,compare_url,runtime_files,lines_changed,expect_regression,expected_metrics,change_type,perf_category,comment
P01,mermaid-live-editor,Merge pull request #1980 from mermaid-js/chore/update-all-deps,https://github.com/mermaid-js/mermaid-live-editor/compare/a58cde951683...da8999444078,12,200,,,,,
P02,excalidraw,"feat: transparent link background, scale link icon when zooming to below 100% (#9520)",https://github.com/excalidraw/excalidraw/compare/4dfb8a3f8eaf...f7dcc893ea0f,3,21,,,,,
P03,mermaid-live-editor,Merge pull request #1595 from mermaid-js/release-promotion,https://github.com/mermaid-js/mermaid-live-editor/compare/cc562549a9a3...c5eaf340b40d,3,14,,,,,
P04,monkeytype,chore: show out of focus warning when browser is not in focus,https://github.com/monkeytypegame/monkeytype/compare/5086bb611127...70f84ab9ccbe,2,11,,,,,
P05,vuejs-docs,chore(deps): bump vitepress to v2-alpha (#3160),https://github.com/vuejs/docs/compare/a8c26ae30fc1...cfeb41f3f106,3,17,,,,,
P06,vuejs-docs,docs: fix theme description typo (#3382),https://github.com/vuejs/docs/compare/207853229d1f...227842848230,1,2,,,,,
P07,mermaid-live-editor,Merge pull request #1793 from mermaid-js/sidv/updateDeps2,https://github.com/mermaid-js/mermaid-live-editor/compare/5817555d918a...7172054b9150,44,705,,,,,
P08,mermaid-live-editor,Merge pull request #2040 from mermaid-js/renovate/patch-mermaid-packages,https://github.com/mermaid-js/mermaid-live-editor/compare/66a4516adf77...8754416d847d,1,4,,,,,
P09,mermaid-live-editor,Merge pull request #1798 from junqwoopark/bug/1797_fix_export_background_color,https://github.com/mermaid-js/mermaid-live-editor/compare/e41499eda3dd...01cd13c712c2,1,4,,,,,
P10,vuejs-docs,delete perfops script,https://github.com/vuejs/docs/compare/332cd2eb53a8...df8c41838937,2,35,,,,,
P11,mermaid-live-editor,Merge pull request #1783 from mermaid-js/sidv/updateMermaid,https://github.com/mermaid-js/mermaid-live-editor/compare/ce50b65cde16...5a7ee057c35a,1,6,,,,,
P12,excalidraw,chore: Update translations from Crowdin (#10316),https://github.com/excalidraw/excalidraw/compare/7497a0827003...51ad8951d4d8,57,432,,,,,
P13,excalidraw,feat(editor): various text related improvements (#10979),https://github.com/excalidraw/excalidraw/compare/e8b4620a96b7...81ab857a6fc6,10,497,,,,,
P14,mermaid-live-editor,Merge pull request #1633 from mermaid-js/sidv/redesign,https://github.com/mermaid-js/mermaid-live-editor/compare/93d02aadc019...097f6f0f34c8,88,4113,,,,,
P15,excalidraw,feat: compact layout for tablets (#9910),https://github.com/excalidraw/excalidraw/compare/414182f5997b...204e06b77bf7,27,1540,,,,,
P16,mermaid-live-editor,Merge pull request #1570 from mermaid-js/release-promotion,https://github.com/mermaid-js/mermaid-live-editor/compare/d8401a8f138c...877cbdb6f99b,18,519,,,,,
P17,excalidraw,fix: Speculative fixes for arrow invariant failures (#11241),https://github.com/excalidraw/excalidraw/compare/974b338b7e5f...7f56cc0cf345,3,45,,,,,
P18,monkeytype,fix: local typing stats not updated on result save,https://github.com/monkeytypegame/monkeytype/compare/acbd1de113fb...be106b8f1c7f,1,16,,,,,
P19,vuejs-docs,docs: remarks about minor versions (#2990),https://github.com/vuejs/docs/compare/bfcf01f4a29a...7f5558934b13,0,0,,,,,
P20,mermaid-live-editor,Merge pull request #2013 from mermaid-js/renovate/patch-mermaid-packages,https://github.com/mermaid-js/mermaid-live-editor/compare/e67de3a20b05...61b23314cdbb,1,2,,,,,
P21,mermaid-live-editor,Merge pull request #1687 from mermaid-js/sidv/mobile,https://github.com/mermaid-js/mermaid-live-editor/compare/96dddeb34d48...92f029830fa1,18,539,,,,,
P22,mermaid-live-editor,Merge pull request #2029 from mermaid-js/sidv/update-mermaid-12,https://github.com/mermaid-js/mermaid-live-editor/compare/4036e45fd6a0...66a4516adf77,5,158,,,,,
P23,monkeytype,refactor: use solid simple modals (@fehmer) (#8044),https://github.com/monkeytypegame/monkeytype/compare/109347bc6e0d...13f73d1e0127,30,3763,,,,,
P24,mermaid-live-editor,Merge pull request #1712 from mermaid-js/update-announcement-bar,https://github.com/mermaid-js/mermaid-live-editor/compare/48c23374a4cd...91fc0895b2db,1,68,,,,,
P25,mermaid-live-editor,Merge pull request #1710 from mermaid-js/sidv/1659,https://github.com/mermaid-js/mermaid-live-editor/compare/4350d7e13af8...6b42be28417f,1,27,,,,,
P26,excalidraw,feat: add first-class support for CJK (#8530),https://github.com/excalidraw/excalidraw/compare/21815fb930f2...b479f3bd6553,279,3791,,,,,
P27,monkeytype,refactor: use new util function,https://github.com/monkeytypegame/monkeytype/compare/02e92d0f3b19...1bf03e8dc26b,0,0,,,,,
P28,mermaid-live-editor,fix #1655: Reset pan & zoom state if invalid,https://github.com/mermaid-js/mermaid-live-editor/compare/097f6f0f34c8...37716245f708,4,24,,,,,
P29,mermaid-live-editor,Merge pull request #2001 from mermaid-js/sidv/update-mermaid-deps,https://github.com/mermaid-js/mermaid-live-editor/compare/9fac30c8d73c...c23fa1b343d2,2,11,,,,,
P30,excalidraw,feat: TextToDiagram v2 (#10530),https://github.com/excalidraw/excalidraw/compare/6ebf52279dbf...a0b98a944f1d,39,3940,,,,,
P31,mermaid-live-editor,chore: Simplify URL params setting,https://github.com/mermaid-js/mermaid-live-editor/compare/643a7ca76081...c530984c97dd,1,16,,,,,
P32,mermaid-live-editor,Merge pull request #1726 from mermaid-js/sidv/hideAIRepair,https://github.com/mermaid-js/mermaid-live-editor/compare/5ce27dd981c6...0683cdbaa2db,5,39,,,,,
P33,excalidraw,fix: Embeddables lost stroke color option in element properties after #9996 (#10541),https://github.com/excalidraw/excalidraw/compare/859207b8bca1...071b17a2179f,1,3,,,,,
P34,excalidraw,"fix: Comic Shanns issues, new fonts structure (#8641)",https://github.com/excalidraw/excalidraw/compare/15ca182333c4...61623bbeba08,277,13431,,,,,
P35,monkeytype,impr: use tanstack/query on AboutPage (@fehmer) (#7466),https://github.com/monkeytypegame/monkeytype/compare/c59f121e1ad2...3dc783fdfb4b,14,1248,,,,,
P36,excalidraw,chore: update firebase@8 to @11 (#9136),https://github.com/excalidraw/excalidraw/compare/f12b92ce9de0...16b86d7d1671,3,168,,,,,
P37,monkeytype,refactor: move custom text schema to shared package,https://github.com/monkeytypegame/monkeytype/compare/a51424a0581c...f5054e65d38f,4,16,,,,,
P38,mermaid-live-editor,Merge pull request #1719 from mermaid-js/renovate/all-minor-patch,https://github.com/mermaid-js/mermaid-live-editor/compare/130711a9d08a...6438d0074df8,1,2,,,,,
P39,monkeytype,refactor: optimize sound-controller (@fehmer) (#7884),https://github.com/monkeytypegame/monkeytype/compare/ba8c39c63a19...d77d15ed71e9,80,822,,,,,
P40,excalidraw,feat: do not delete frame children on frame delete (#9011),https://github.com/excalidraw/excalidraw/compare/46f42ef8d79a...ae6bee340329,2,127,,,,,
P41,mermaid-live-editor,Merge pull request #1688 from mermaid-js/sidv/faLoad,https://github.com/mermaid-js/mermaid-live-editor/compare/987e09d8bc81...df6c1cceee52,4,78,,,,,
P42,monkeytype,"chore: bump vite, fix test",https://github.com/monkeytypegame/monkeytype/compare/78fbef524b2a...83e90e1e3057,1,2,,,,,
P43,vuejs-docs,chore: set up viteconf banner (#3266),https://github.com/vuejs/docs/compare/81d3626c5f30...ce81e35610ea,3,191,,,,,
P44,vuejs-docs,feat: Mark Polish translation as complete (#3191),https://github.com/vuejs/docs/compare/f3f519458bb1...c9186a6f0c02,1,5,,,,,
P45,monkeytype,chore: add tailwind (@miodec) (#7390),https://github.com/monkeytypegame/monkeytype/compare/089989f4de57...f858cbf3a7f8,42,1256,,,,,
P46,mermaid-live-editor,Merge pull request #1634 from mermaid-js/release-promotion,https://github.com/mermaid-js/mermaid-live-editor/compare/51b187be6af2...e29170a1aa39,1,7,,,,,
P47,monkeytype,chore: move composition display to solid,https://github.com/monkeytypegame/monkeytype/compare/1875f9a9dc77...09565a0150ea,6,48,,,,,
P48,mermaid-live-editor,refactor: Migrate editor state from svelte/store to runes,https://github.com/mermaid-js/mermaid-live-editor/compare/ca96ca8771cf...b3c8bd6c283f,21,424,,,,,
P49,mermaid-live-editor,refactor: Replace vendored svelte-persistent-store with shared persisted rune,https://github.com/mermaid-js/mermaid-live-editor/compare/ed06c07c0695...c9cfaa10e734,3,294,,,,,
P50,excalidraw,feat: smarter zooming when scrolling to match & only match on search/switch (#8488),https://github.com/excalidraw/excalidraw/compare/d1072155640e...72b7c937b1b9,2,209,,,,,
