id,repo,sha,base_sha,label,regressed_metrics,lcp_delta,inp_delta,tbt_delta,tbtFlow_delta,cls_delta,lcpObs_delta
P01,mermaid-live-editor,da899944407884666e5cfef9d5439c30f1fe52e8,a58cde95168381e67512e001292c17d2d429164c,regression,lcp,190.426,-6.092,266.733,174.079,0.0,-19.0
P02,excalidraw,f7dcc893ea0f2d1061db614d3c2c7b43e256e7bc,4dfb8a3f8eaf7722f5e133e270927e297d7aaa0e,none,,25.549,-4.527,4.0,-2.563,0.0,33.0
P03,mermaid-live-editor,c5eaf340b40d062ee45f535ebb03db2261f005c7,cc562549a9a32de942e7d1109a845919d2c73f63,none,,-117.466,1.754,153.573,125.115,0.0,-77.0
P04,monkeytype,70f84ab9ccbeeec96f0ef76cc57a712c6f7b531a,5086bb6111275e2e3df206e53897167d47728d53,none,,-19.678,7.123,2.299,-1.478,0.0,-11.0
P05,vuejs-docs,cfeb41f3f1069a0511521931c6c8f1c17b038790,a8c26ae30fc1715157927ba3cd0cc0cb8e3006a6,regression,tbt;cls,5.537,-7.24,38.0,-17.396,0.011,-2.0
P06,vuejs-docs,2278428482306ef1fdcf3acbee00fd3a37e9f058,207853229d1f1bc5ec182a7dd0c12127ae2e2ed2,none,,0.192,5.198,-6.786,10.942,0.0,-32.0
P07,mermaid-live-editor,7172054b9150ad2302bcb553f057c4782e6502a9,5817555d918a2d745fc82d48d07d48960f1ef7cf,none,,15.986,-0.417,69.294,18.165,0.0,1.0
P08,mermaid-live-editor,8754416d847d2947c0492bc045cddbab717a51ea,66a4516adf77cb77ce169437c9d66c4029ad8ea5,none,,123.417,-9.572,-37.0,-25.382,0.0,1.0
P09,mermaid-live-editor,01cd13c712c235ae362aaeda72ac9e7b3c365b9b,e41499eda3dda7c74f2ba6a51149653d3a6de1c3,none,,2.037,-0.501,-2.59,31.926,0.0,18.0
P10,vuejs-docs,df8c418389378a331ca0f7d5e5a28f070880eb0a,332cd2eb53a8ecdde8ac97117bee651c46ff07ad,regression,tbt,-0.23,0.065,50.504,-0.181,0.0,17.0
P11,mermaid-live-editor,5a7ee057c35a276a2583d268eb7c42dbffedee0e,ce50b65cde16da7d1a52fc2724b78ae0e92bee27,regression,tbtFlow,13.604,2.565,-26.518,39.804,0.0,1.0
P12,excalidraw,51ad8951d4d804190647eafcb448d58516047ade,7497a082700396608054747ede53ca7c74f1042e,regression,lcp;lcpObs,243.807,5.62,2.5,0.548,0.001,54.0
P13,excalidraw,81ab857a6fc66254239947524faccf45d5925f69,e8b4620a96b722646e6db9e98efd0ca2a0184767,none,,82.956,-13.338,-4.0,-2.954,0.0,0.0
P14,mermaid-live-editor,097f6f0f34c8a58db3dc0807767b94c14eef4183,93d02aadc019152f212d509381f55a21c32719f7,regression,tbt;cls,-60.672,3.765,136.339,227.088,0.021,-190.0
P15,excalidraw,204e06b77bf7b592e29891160b775df33399ff4d,414182f5997be12646f2fe9881f62e277fc4627e,regression,lcp;lcpObs,249.558,3.166,0.0,6.597,0.0,93.0
P16,mermaid-live-editor,877cbdb6f99bee7885c4c46414af1fc49c1d581c,d8401a8f138cd506086f47b572c9e822c7f6673a,regression,lcp,227.909,19.917,-210.823,-138.424,0.0,-61.0
P17,excalidraw,7f56cc0cf3458e9ef6e5071b4594740cae36a0aa,974b338b7e5fed5176cfd83b7a120b137751a1db,none,,-147.797,1.132,-15.0,-4.318,0.0,-38.0
P18,monkeytype,be106b8f1c7f72781a36b2d191cfc749abb0060f,acbd1de113fb4288be48dbaaf50acdb4f0b27c96,none,,1.771,-0.143,-4.391,-1.748,0.0,17.0
P19,vuejs-docs,7f5558934b13e824a1a571377a72b5f07fcd31d5,bfcf01f4a29a0ae4921b3835ea619ba1e56afd7f,none,,-23.549,-1.144,0.732,-1.919,0.0,65.0
P20,mermaid-live-editor,61b23314cdbb987866effda5f62ce52f4a5b38a4,e67de3a20b058f92518203caaf28dff9a1768dfd,regression,tbtFlow,49.493,17.486,13.505,809.864,0.0,1.0
P21,mermaid-live-editor,92f029830fa12517695c382c4011b900e2f99680,96dddeb34d485c04e5ec7f857c8791003e301c82,regression,lcp,210.159,-5.441,78.485,5.416,0.0,71.0
P22,mermaid-live-editor,66a4516adf77cb77ce169437c9d66c4029ad8ea5,4036e45fd6a07e8741b2b5d32db7b07c8e78ecad,regression,tbt;tbtFlow,85.523,10.299,524.5,637.3,0.0,-1.0
P23,monkeytype,13f73d1e01273a3d78048b7a56fc3f8da6136320,109347bc6e0d9e7d97190d291485477d6b17c981,regression,tbt,5.961,-3.308,36.03,1.432,0.0,6.0
P24,mermaid-live-editor,91fc0895b2db80fd676cbf7e6d27e772bf89dd6b,48c23374a4cd28c91ed42f44af257c4b46d4a5a9,none,,-1.0,1.319,-38.43,15.856,0.0,18.0
P25,mermaid-live-editor,6b42be28417f8a1fa01d4bc10fc0051f15e29af8,4350d7e13af83af8df212eecae87156dcf0cb2d2,none,,4.463,6.207,-6.0,0.278,0.0,1.0
P26,excalidraw,b479f3bd6553be5730e3b60beb8eee5bd9905b37,21815fb930f282fdd5ef86c0877b0bd82f3dead1,regression,tbt,-183.262,-0.061,44.0,1.444,0.0,-85.0
P27,monkeytype,1bf03e8dc26b0742a59032b1bd9b9ce28dccb019,02e92d0f3b191eec7916f1759e48a1a2b5d766b0,none,,2.544,0.925,4.705,-0.974,0.0,11.0
P28,mermaid-live-editor,37716245f7086df0802a03bf5c3215583f55dce2,097f6f0f34c8a58db3dc0807767b94c14eef4183,none,,-91.368,1.557,157.32,-195.779,0.0,6.0
P29,mermaid-live-editor,c23fa1b343d2a5dfc06193d03f3ee0c6640fc122,9fac30c8d73cd7be11d1d926cc6978dfc08f9400,none,,-45.65,0.604,-18.981,7.904,0.0,18.0
P30,excalidraw,a0b98a944f1ddedba090b8a6908ff38b9132177e,6ebf52279dbf5173c3c4bca0af52c4e222acd6b4,regression,lcp,93.263,-0.03,-5.5,-1.365,0.0,1.0
P31,mermaid-live-editor,c530984c97ddd91302e4351d3e922521a410e234,643a7ca7608120d1af0f92c7cb7fd597658f5cc7,none,,31.702,-5.614,-50.442,-93.201,0.0,18.0
P32,mermaid-live-editor,0683cdbaa2dbab2ce087f6581c046155ced43721,5ce27dd981c6064849193a0c7ebbcf13760faedd,regression,inp;tbtFlow;lcpObs,1.161,20.446,107.139,58.002,0.006,71.0
P33,excalidraw,071b17a2179fa19891f8c20d870d50e8fb65a6b5,859207b8bca11149047efdb8b5b5b3cb6cb87e99,none,,-20.083,-0.932,-10.0,8.746,0.0,1.0
P34,excalidraw,61623bbeba08fd802d23df46ceb8861c6a9a6180,15ca182333c47866f61f5d1167cc1453d4d6d3ac,regression,lcp;lcpObs,217.216,-1.734,-2.0,3.01,0.0,79.0
P35,monkeytype,3dc783fdfb4b8751e9f101caf7c5e1aedfdd3fcb,c59f121e1ad2a826566ca21282aa10242b02f01c,regression,tbt,51.04,-0.029,40.037,-0.765,0.0,-16.0
P36,excalidraw,16b86d7d1671f766580f3a45c79ecb465523cad1,f12b92ce9de0c00d3e97658a07675ef1917e3d6c,regression,lcp,101.678,-0.233,14.0,0.49,0.0,0.0
P37,monkeytype,f5054e65d38f9bacd5403754d6d7b4e56c06cab2,a51424a0581c66a5d70db126ea25e5f2ffe0da2c,none,,15.282,-7.783,-10.18,-14.392,0.0,-41.0
P38,mermaid-live-editor,6438d0074df85ada655521393b2d7dd015056139,130711a9d08ae90c7908edf2e7430c4485ad2621,none,,182.609,-1.07,-12.836,22.087,0.0,4.0
P39,monkeytype,d77d15ed71e986b7cd990a0df9bf0931b85499b1,ba8c39c63a19ef62eeeebe369f17a64b7c48c3f0,regression,tbt,0.644,2.965,143.126,-0.924,0.0,60.0
P40,excalidraw,ae6bee340329850fdeacb4f41a275a435a9edce8,46f42ef8d79a09976a99dc138878b0f409ba40a9,none,,-4.521,-9.477,3.0,3.456,0.0,0.0
P41,mermaid-live-editor,df6c1cceee523cf8170231c6ba5e1bcf7fb176f7,987e09d8bc8114b12f346557d857ed28108cef37,regression,lcp,454.978,-5.712,-592.256,-129.341,0.0,-1.0
P42,monkeytype,83e90e1e305740784a1fe47c0b20d1cd2205396b,78fbef524b2a1f8576b5c8d298f355bfde3758d0,regression,tbt,-440.066,36.265,80.159,24.015,0.0,-68.0
P43,vuejs-docs,ce81e35610eaacb795db37f8eeac9b9d82045cd8,81d3626c5f30e64541d8979baaf900e9a9d054b0,regression,lcp;lcpObs,225.363,-1.98,0.0,0.878,0.0,161.0
P44,vuejs-docs,c9186a6f0c029ac6a5edaf6216ca08ac5a069be7,f3f519458bb1399a324f3fba73b24bf373d09870,none,,39.885,0.941,2.635,3.258,0.0,0.0
P45,monkeytype,f858cbf3a7f8f4ac485b0f455215752ff8d5729a,089989f4de576efcd87acd4398ae7b8fa062be66,regression,lcp;tbtFlow,1069.728,0.016,-1.173,30.241,0.0,130.0
P46,mermaid-live-editor,e29170a1aa397ff2ad253315cecedeca54a6eb07,51b187be6af22449b742b5d790e4d0e3d7727cfb,regression,tbt,71.407,6.529,39.5,-108.394,0.0,-1.0
P47,monkeytype,09565a0150ea8655126390324e561b0439436449,1875f9a9dc77bfb05ecedc4b0abd80e5c37cbb22,none,,-8.856,-3.417,-13.039,-7.236,0.0,-76.0
P48,mermaid-live-editor,b3c8bd6c283f9fc9b31d07fc7e52bf97746507ac,ca96ca8771cf2ab47234f85ae4975fbfac393301,regression,inp;tbtFlow,207.25,36.264,-325.164,1849.132,0.0,1.0
P49,mermaid-live-editor,c9cfaa10e734948cc70ff37a7871f1ecc25d445b,ed06c07c069591d1e4eab66f9d6ce43324ec55b8,none,,3.285,-0.588,-21.312,8.305,0.0,-18.0
P50,excalidraw,72b7c937b1b9cd4d1155563f15ccbbac5c71f8dc,d1072155640edbda6b047234018bd1446f1b202e,none,,-4.001,-2.554,10.0,-5.364,0.0,7.0
